iter	RMSE
0	2.432993192
1	2.432670758
2	2.432349855
3	2.432035333
4	2.431717901
5	2.431398897
6	2.431077885
7	2.430757745
8	2.430447754
9	2.43013178
